74,1,expedita tempore nobis eveniet laborum maiores
77,1,maiores aut nesciunt delectus exercitationem vel assumenda eligendi at
62,2,et placeat et tempore aspernatur sint numquam
69,2,doloribus sint dolorum ab adipisci itaque dignissimos aliquam suscipit
68,3,aut id perspiciatis voluptatem iusto
70,3,ut sequi accusantium et mollitia delectus sunt
71,3,aut velit saepe ullam
64,4,voluptas consequatur qui ut quia magnam nemo esse
67,4,quia voluptatibus voluptatem quos similique maiores repellat
65,5,fugiat pariatur ratione ut asperiores necessitatibus magni
66,5,rerum eum molestias autem voluptatum sit optio
72,5,praesentium facilis facere quis harum voluptatibus voluptatem eum
75,5,occaecati adipisci est possimus totam
78,5,reiciendis est magnam amet nemo iste recusandae impedit quaerat
